{
	"authorizationProfiles": [
		{
			"code": "MOBC1459",
			"name": "Mob1459",
			"categoryName": "Merchant",
			"createdOn": "",
			"createdBy": null,
			"modifiedOn": "",
			"modifiedBy": null,
			"type": "User-Defined"
		},
		{
			"code": "MERAMobRole03",
			"name": "MERAMobRole03",
			"categoryName": "Merchant",
			"createdOn": "",
			"createdBy": null,
			"modifiedOn": "",
			"modifiedBy": null,
			"type": "Default"
		},
		{
			"code": "MERAMobRole04",
			"name": "MERAMobRole04",
			"categoryName": "Merchant",
			"createdOn": "",
			"createdBy": null,
			"modifiedOn": "",
			"modifiedBy": null,
			"type": "Default"
		},
		{
			"code": "MERAMobRole05",
			"name": "MERAMobRole05",
			"categoryName": "Merchant",
			"createdOn": "",
			"createdBy": null,
			"modifiedOn": "",
			"modifiedBy": null,
			"type": "Default"
		},
		{
			"code": "MERAMobRole06",
			"name": "MERAMobRole06",
			"categoryName": "Merchant",
			"createdOn": "",
			"createdBy": null,
			"modifiedOn": "",
			"modifiedBy": null,
			"type": "Default"
		},
		{
			"code": "MERAMobRole01",
			"name": "MERAMobRole01",
			"categoryName": "Merchant",
			"createdOn": "",
			"createdBy": null,
			"modifiedOn": "",
			"modifiedBy": null,
			"type": "Default"
		},
		{
			"code": "MERAMobRole02",
			"name": "MERAMobRole02",
			"categoryName": "Merchant",
			"createdOn": "",
			"createdBy": null,
			"modifiedOn": "",
			"modifiedBy": null,
			"type": "Default"
		},
		{
			"code": "MER-161225-737590",
			"name": "06c18",
			"categoryName": "Merchant",
			"createdOn": "2021-02-02T14:46:15",
			"createdBy": "Sujoy Gupta",
			"modifiedOn": "2021-02-02T14:46:15",
			"modifiedBy": "Sujoy Gupta",
			"type": "Default"
		},
		{
			"code": "MOBC9576",
			"name": "Mob9576",
			"categoryName": "Merchant",
			"createdOn": "",
			"createdBy": null,
			"modifiedOn": "",
			"modifiedBy": null,
			"type": "User-Defined"
		},
		{
			"code": "MOBC3860",
			"name": "Mob3860",
			"categoryName": "Merchant",
			"createdOn": "",
			"createdBy": null,
			"modifiedOn": "",
			"modifiedBy": null,
			"type": "User-Defined"
		},
		{
			"code": "MerchantDefault",
			"name": "MerchantDefault Profile",
			"categoryName": "Merchant",
			"createdOn": "2021-01-20T19:02:23",
			"createdBy": "SYSTEM",
			"modifiedOn": "2021-01-20T19:02:23",
			"modifiedBy": "SYSTEM",
			"type": "Default"
		},
		{
			"code": "merWRole01",
			"name": "merWRole01",
			"categoryName": "Merchant",
			"createdOn": "",
			"createdBy": null,
			"modifiedOn": "",
			"modifiedBy": null,
			"type": "Default"
		},
		{
			"code": "MOBC3269",
			"name": "Mob3269",
			"categoryName": "Merchant",
			"createdOn": "",
			"createdBy": null,
			"modifiedOn": "",
			"modifiedBy": null,
			"type": "User-Defined"
		},
		{
			"code": "MOBC9395",
			"name": "Mob9395",
			"categoryName": "Merchant",
			"createdOn": "",
			"createdBy": null,
			"modifiedOn": "",
			"modifiedBy": null,
			"type": "User-Defined"
		},
		{
			"code": "MOBC7504",
			"name": "Mob7504",
			"categoryName": "Head Merchant",
			"createdOn": "",
			"createdBy": null,
			"modifiedOn": "",
			"modifiedBy": null,
			"type": "User-Defined"
		},
		{
			"code": "MOBC9495",
			"name": "Mob9495",
			"categoryName": "Head Merchant",
			"createdOn": "",
			"createdBy": null,
			"modifiedOn": "",
			"modifiedBy": null,
			"type": "User-Defined"
		},
		{
			"code": "HMERAMobRole03",
			"name": "HMERAMobRole03",
			"categoryName": "Head Merchant",
			"createdOn": "",
			"createdBy": null,
			"modifiedOn": "",
			"modifiedBy": null,
			"type": "Default"
		},
		{
			"code": "HMERAMobRole04",
			"name": "HMERAMobRole04",
			"categoryName": "Head Merchant",
			"createdOn": "",
			"createdBy": null,
			"modifiedOn": "",
			"modifiedBy": null,
			"type": "Default"
		},
		{
			"code": "HMERAMobRole05",
			"name": "HMERAMobRole05",
			"categoryName": "Head Merchant",
			"createdOn": "",
			"createdBy": null,
			"modifiedOn": "",
			"modifiedBy": null,
			"type": "Default"
		},
		{
			"code": "HMERAMobRole06",
			"name": "HMERAMobRole06",
			"categoryName": "Head Merchant",
			"createdOn": "",
			"createdBy": null,
			"modifiedOn": "",
			"modifiedBy": null,
			"type": "Default"
		},
		{
			"code": "HMERAMobRole01",
			"name": "HMERAMobRole01",
			"categoryName": "Head Merchant",
			"createdOn": "",
			"createdBy": null,
			"modifiedOn": "",
			"modifiedBy": null,
			"type": "Default"
		},
		{
			"code": "HMERAMobRole02",
			"name": "HMERAMobRole02",
			"categoryName": "Head Merchant",
			"createdOn": "",
			"createdBy": null,
			"modifiedOn": "",
			"modifiedBy": null,
			"type": "Default"
		},
		{
			"code": "MOBC7182",
			"name": "Mob7182",
			"categoryName": "Head Merchant",
			"createdOn": "",
			"createdBy": null,
			"modifiedOn": "",
			"modifiedBy": null,
			"type": "User-Defined"
		},
		{
			"code": "MOBC4696",
			"name": "Mob4696",
			"categoryName": "Head Merchant",
			"createdOn": "",
			"createdBy": null,
			"modifiedOn": "",
			"modifiedBy": null,
			"type": "User-Defined"
		},
		{
			"code": "HeadMerchantDefault",
			"name": "HeadMerchantDefault Profile",
			"categoryName": "Head Merchant",
			"createdOn": "2021-01-20T19:02:23",
			"createdBy": "SYSTEM",
			"modifiedOn": "2021-01-20T19:02:23",
			"modifiedBy": "SYSTEM",
			"type": "Default"
		},
		{
			"code": "hmerWRole01",
			"name": "hmerWRole01",
			"categoryName": "Head Merchant",
			"createdOn": "",
			"createdBy": null,
			"modifiedOn": "",
			"modifiedBy": null,
			"type": "Default"
		},
		{
			"code": "MOBC8150",
			"name": "Mob8150",
			"categoryName": "Head Merchant",
			"createdOn": "",
			"createdBy": null,
			"modifiedOn": "",
			"modifiedBy": null,
			"type": "User-Defined"
		},
		{
			"code": "WHS-161183-601349",
			"name": "Wholesaler Profile TEST",
			"categoryName": "Wholesaler",
			"createdOn": "2021-01-28T17:43:33",
			"createdBy": "superadmin maker",
			"modifiedOn": "2021-01-28T17:44:05",
			"modifiedBy": "superadmin checker",
			"type": "Default"
		},
		{
			"code": "WHS-161183-609967",
			"name": "Wholesaler new Test1",
			"categoryName": "Wholesaler",
			"createdOn": "2021-01-28T17:44:59",
			"createdBy": "superadmin maker",
			"modifiedOn": "2021-01-28T17:45:20",
			"modifiedBy": "superadmin checker",
			"type": "Default"
		},
		{
			"code": "WHS-161183-622370",
			"name": "Wholesaler new Test12",
			"categoryName": "Wholesaler",
			"createdOn": "2021-01-28T17:47:03",
			"createdBy": "superadmin maker",
			"modifiedOn": "2021-01-28T17:47:03",
			"modifiedBy": "superadmin maker",
			"type": "Default"
		},
		{
			"code": "WHS-161183-862038",
			"name": "Wholesaler Demo 1",
			"categoryName": "Wholesaler",
			"createdOn": "2021-01-28T18:27:00",
			"createdBy": "superadmin maker",
			"modifiedOn": "2021-01-28T18:32:11",
			"modifiedBy": "superadmin checker",
			"type": "Default"
		},
		{
			"code": "MOBC1853",
			"name": "Mob1853",
			"categoryName": "Wholesaler",
			"createdOn": "",
			"createdBy": null,
			"modifiedOn": "",
			"modifiedBy": null,
			"type": "User-Defined"
		},
		{
			"code": "MOBC6154",
			"name": "Mob6154",
			"categoryName": "Wholesaler",
			"createdOn": "",
			"createdBy": null,
			"modifiedOn": "",
			"modifiedBy": null,
			"type": "User-Defined"
		},
		{
			"code": "MOBC4838",
			"name": "Mob4838",
			"categoryName": "Wholesaler",
			"createdOn": "",
			"createdBy": null,
			"modifiedOn": "",
			"modifiedBy": null,
			"type": "User-Defined"
		},
		{
			"code": "MOBC3767",
			"name": "Mob3767",
			"categoryName": "Wholesaler",
			"createdOn": "",
			"createdBy": null,
			"modifiedOn": "",
			"modifiedBy": null,
			"type": "User-Defined"
		},
		{
			"code": "GWSMobRole02",
			"name": "GWSMobRole02",
			"categoryName": "Wholesaler",
			"createdOn": "",
			"createdBy": null,
			"modifiedOn": "",
			"modifiedBy": null,
			"type": "Default"
		},
		{
			"code": "GWSMobRole04",
			"name": "GWSMobRole04",
			"categoryName": "Wholesaler",
			"createdOn": "",
			"createdBy": null,
			"modifiedOn": "",
			"modifiedBy": null,
			"type": "Default"
		},
		{
			"code": "SWSMobRole01",
			"name": "SWSMobRole01",
			"categoryName": "Wholesaler",
			"createdOn": "",
			"createdBy": null,
			"modifiedOn": "",
			"modifiedBy": null,
			"type": "Default"
		},
		{
			"code": "SWSMobRole02",
			"name": "SWSMobRole02",
			"categoryName": "Wholesaler",
			"createdOn": "",
			"createdBy": null,
			"modifiedOn": "",
			"modifiedBy": null,
			"type": "Default"
		},
		{
			"code": "SWSMobRole03",
			"name": "SWSMobRole03",
			"categoryName": "Wholesaler",
			"createdOn": "",
			"createdBy": null,
			"modifiedOn": "",
			"modifiedBy": null,
			"type": "Default"
		},
		{
			"code": "SWSMobRole04",
			"name": "SWSMobRole04",
			"categoryName": "Wholesaler",
			"createdOn": "",
			"createdBy": null,
			"modifiedOn": "",
			"modifiedBy": null,
			"type": "Default"
		},
		{
			"code": "GWSMobRole05",
			"name": "GWSMobRole05",
			"categoryName": "Wholesaler",
			"createdOn": "",
			"createdBy": null,
			"modifiedOn": "",
			"modifiedBy": null,
			"type": "Default"
		},
		{
			"code": "GWSMobRole06",
			"name": "GWSMobRole06",
			"categoryName": "Wholesaler",
			"createdOn": "",
			"createdBy": null,
			"modifiedOn": "",
			"modifiedBy": null,
			"type": "Default"
		},
		{
			"code": "SWSMobRole05",
			"name": "SWSMobRole05",
			"categoryName": "Wholesaler",
			"createdOn": "",
			"createdBy": null,
			"modifiedOn": "",
			"modifiedBy": null,
			"type": "Default"
		},
		{
			"code": "SWSMobRole06",
			"name": "SWSMobRole06",
			"categoryName": "Wholesaler",
			"createdOn": "",
			"createdBy": null,
			"modifiedOn": "",
			"modifiedBy": null,
			"type": "Default"
		},
		{
			"code": "WHS-161225-731159",
			"name": "f7dec1",
			"categoryName": "Wholesaler",
			"createdOn": "2021-02-02T14:45:11",
			"createdBy": "Sujoy Gupta",
			"modifiedOn": "2021-02-02T14:45:11",
			"modifiedBy": "Sujoy Gupta",
			"type": "Default"
		},
		{
			"code": "WHS-161224-706777",
			"name": "f7dec",
			"categoryName": "Wholesaler",
			"createdOn": "2021-02-02T11:54:27",
			"createdBy": "Sujoy Gupta",
			"modifiedOn": "2021-02-02T11:54:27",
			"modifiedBy": "Sujoy Gupta",
			"type": "Default"
		},
		{
			"code": "GWSMobRole01",
			"name": "GWSMobRole01",
			"categoryName": "Wholesaler",
			"createdOn": "",
			"createdBy": null,
			"modifiedOn": "",
			"modifiedBy": null,
			"type": "Default"
		},
		{
			"code": "GWSMobRole03",
			"name": "GWSMobRole03",
			"categoryName": "Wholesaler",
			"createdOn": "",
			"createdBy": null,
			"modifiedOn": "",
			"modifiedBy": null,
			"type": "Default"
		},
		{
			"code": "WholesalerDefault",
			"name": "WholesalerDefault Profile",
			"categoryName": "Wholesaler",
			"createdOn": "2021-01-20T19:02:23",
			"createdBy": "SYSTEM",
			"modifiedOn": "2021-01-20T19:02:23",
			"modifiedBy": "SYSTEM",
			"type": "Default"
		},
		{
			"code": "WHS-161182-805969",
			"name": "Wholesaler new1 123",
			"categoryName": "Wholesaler",
			"createdOn": "2021-01-28T15:30:59",
			"createdBy": "superadmin maker",
			"modifiedOn": "2021-01-28T15:30:59",
			"modifiedBy": "superadmin maker",
			"type": "Default"
		},
		{
			"code": "WHS-161182-871655",
			"name": "Wholesaler new 125",
			"categoryName": "Wholesaler",
			"createdOn": "2021-01-28T15:41:56",
			"createdBy": "superadmin maker",
			"modifiedOn": "2021-01-28T15:41:56",
			"modifiedBy": "superadmin maker",
			"type": "Default"
		},
		{
			"code": "WHS-161182-918477",
			"name": "Wholesaler new 1251",
			"categoryName": "Wholesaler",
			"createdOn": "2021-01-28T15:49:44",
			"createdBy": "superadmin maker",
			"modifiedOn": "2021-01-28T15:49:44",
			"modifiedBy": "superadmin maker",
			"type": "Default"
		},
		{
			"code": "WHS-161182-922220",
			"name": "Wholesaler new 12511",
			"categoryName": "Wholesaler",
			"createdOn": "2021-01-28T15:50:22",
			"createdBy": "superadmin maker",
			"modifiedOn": "2021-01-28T15:50:45",
			"modifiedBy": "superadmin checker",
			"type": "Default"
		},
		{
			"code": "WHS-161183-588254",
			"name": "Wholesaler Profile 1",
			"categoryName": "Wholesaler",
			"createdOn": "2021-01-28T17:41:22",
			"createdBy": "superadmin maker",
			"modifiedOn": "2021-01-28T17:41:22",
			"modifiedBy": "superadmin maker",
			"type": "Default"
		},
		{
			"code": "whsWRole01",
			"name": "whsWRole01",
			"categoryName": "Wholesaler",
			"createdOn": "",
			"createdBy": null,
			"modifiedOn": "",
			"modifiedBy": null,
			"type": "Default"
		},
		{
			"code": "MOBC7729",
			"name": "Mob7729",
			"categoryName": "Wholesaler",
			"createdOn": "",
			"createdBy": null,
			"modifiedOn": "",
			"modifiedBy": null,
			"type": "User-Defined"
		},
		{
			"code": "MOBC8722",
			"name": "Mob8722",
			"categoryName": "Wholesaler",
			"createdOn": "",
			"createdBy": null,
			"modifiedOn": "",
			"modifiedBy": null,
			"type": "User-Defined"
		},
		{
			"code": "MOBC5942",
			"name": "Mob5942",
			"categoryName": "Wholesaler",
			"createdOn": "",
			"createdBy": null,
			"modifiedOn": "",
			"modifiedBy": null,
			"type": "User-Defined"
		},
		{
			"code": "MOBC5335",
			"name": "Mob5335",
			"categoryName": "Wholesaler",
			"createdOn": "",
			"createdBy": null,
			"modifiedOn": "",
			"modifiedBy": null,
			"type": "User-Defined"
		},
		{
			"code": "MOBC6429",
			"name": "Mob6429",
			"categoryName": "Wholesaler",
			"createdOn": "",
			"createdBy": null,
			"modifiedOn": "",
			"modifiedBy": null,
			"type": "User-Defined"
		},
		{
			"code": "MOBC3457",
			"name": "Mob3457",
			"categoryName": "Wholesaler",
			"createdOn": "",
			"createdBy": null,
			"modifiedOn": "",
			"modifiedBy": null,
			"type": "User-Defined"
		},
		{
			"code": "WHS-161182-726602",
			"name": "Wholesaler new 123",
			"categoryName": "Wholesaler",
			"createdOn": "2021-01-28T15:17:46",
			"createdBy": "superadmin maker",
			"modifiedOn": "2021-01-28T15:19:29",
			"modifiedBy": "superadmin checker",
			"type": "Default"
		},
		{
			"code": "MOBC8637",
			"name": "Mob8637",
			"categoryName": "Retailer",
			"createdOn": "",
			"createdBy": null,
			"modifiedOn": "",
			"modifiedBy": null,
			"type": "User-Defined"
		},
		{
			"code": "MOBC3814",
			"name": "Mob3814",
			"categoryName": "Retailer",
			"createdOn": "",
			"createdBy": null,
			"modifiedOn": "",
			"modifiedBy": null,
			"type": "User-Defined"
		},
		{
			"code": "MOBC7152",
			"name": "Mob7152",
			"categoryName": "Retailer",
			"createdOn": "",
			"createdBy": null,
			"modifiedOn": "",
			"modifiedBy": null,
			"type": "User-Defined"
		},
		{
			"code": "GRTMobRole01",
			"name": "GRTMobRole01",
			"categoryName": "Retailer",
			"createdOn": "",
			"createdBy": null,
			"modifiedOn": "",
			"modifiedBy": null,
			"type": "Default"
		},
		{
			"code": "GRTMobRole02",
			"name": "GRTMobRole02",
			"categoryName": "Retailer",
			"createdOn": "",
			"createdBy": null,
			"modifiedOn": "",
			"modifiedBy": null,
			"type": "Default"
		},
		{
			"code": "GRTMobRole03",
			"name": "GRTMobRole03",
			"categoryName": "Retailer",
			"createdOn": "",
			"createdBy": null,
			"modifiedOn": "",
			"modifiedBy": null,
			"type": "Default"
		},
		{
			"code": "GRTMobRole04",
			"name": "GRTMobRole04",
			"categoryName": "Retailer",
			"createdOn": "",
			"createdBy": null,
			"modifiedOn": "",
			"modifiedBy": null,
			"type": "Default"
		},
		{
			"code": "SRTMobRole03",
			"name": "SRTMobRole03",
			"categoryName": "Retailer",
			"createdOn": "",
			"createdBy": null,
			"modifiedOn": "",
			"modifiedBy": null,
			"type": "Default"
		},
		{
			"code": "SRTMobRole04",
			"name": "SRTMobRole04",
			"categoryName": "Retailer",
			"createdOn": "",
			"createdBy": null,
			"modifiedOn": "",
			"modifiedBy": null,
			"type": "Default"
		},
		{
			"code": "SRTMobRole05",
			"name": "SRTMobRole05",
			"categoryName": "Retailer",
			"createdOn": "",
			"createdBy": null,
			"modifiedOn": "",
			"modifiedBy": null,
			"type": "Default"
		},
		{
			"code": "SRTMobRole06",
			"name": "SRTMobRole06",
			"categoryName": "Retailer",
			"createdOn": "",
			"createdBy": null,
			"modifiedOn": "",
			"modifiedBy": null,
			"type": "Default"
		},
		{
			"code": "GRTMobRole05",
			"name": "GRTMobRole05",
			"categoryName": "Retailer",
			"createdOn": "",
			"createdBy": null,
			"modifiedOn": "",
			"modifiedBy": null,
			"type": "Default"
		},
		{
			"code": "GRTMobRole06",
			"name": "GRTMobRole06",
			"categoryName": "Retailer",
			"createdOn": "",
			"createdBy": null,
			"modifiedOn": "",
			"modifiedBy": null,
			"type": "Default"
		},
		{
			"code": "SRTMobRole01",
			"name": "SRTMobRole01",
			"categoryName": "Retailer",
			"createdOn": "",
			"createdBy": null,
			"modifiedOn": "",
			"modifiedBy": null,
			"type": "Default"
		},
		{
			"code": "SRTMobRole02",
			"name": "SRTMobRole02",
			"categoryName": "Retailer",
			"createdOn": "",
			"createdBy": null,
			"modifiedOn": "",
			"modifiedBy": null,
			"type": "Default"
		},
		{
			"code": "RT-161192-272803",
			"name": "retailer group role sample1",
			"categoryName": "Retailer",
			"createdOn": "2021-01-29T17:48:48",
			"createdBy": "Sujoy Gupta",
			"modifiedOn": "2021-01-29T17:48:48",
			"modifiedBy": "Sujoy Gupta",
			"type": "Default"
		},
		{
			"code": "RetailerDefault",
			"name": "RetailerDefault Profile",
			"categoryName": "Retailer",
			"createdOn": "2021-01-20T19:02:23",
			"createdBy": "SYSTEM",
			"modifiedOn": "2021-01-20T19:02:23",
			"modifiedBy": "SYSTEM",
			"type": "Default"
		},
		{
			"code": "rtWRole01",
			"name": "rtWRole01",
			"categoryName": "Retailer",
			"createdOn": "",
			"createdBy": null,
			"modifiedOn": "",
			"modifiedBy": null,
			"type": "Default"
		},
		{
			"code": "MOBC5871",
			"name": "Mob5871",
			"categoryName": "Retailer",
			"createdOn": "",
			"createdBy": null,
			"modifiedOn": "",
			"modifiedBy": null,
			"type": "User-Defined"
		},
		{
			"code": "MOBC7094",
			"name": "Mob7094",
			"categoryName": "Retailer",
			"createdOn": "",
			"createdBy": null,
			"modifiedOn": "",
			"modifiedBy": null,
			"type": "User-Defined"
		},
		{
			"code": "SUBSMobRole03",
			"name": "SUBSMobRole03",
			"categoryName": "Subscriber",
			"createdOn": "",
			"createdBy": null,
			"modifiedOn": "",
			"modifiedBy": null,
			"type": "Default"
		},
		{
			"code": "SUBSMobRole04",
			"name": "SUBSMobRole04",
			"categoryName": "Subscriber",
			"createdOn": "",
			"createdBy": null,
			"modifiedOn": "",
			"modifiedBy": null,
			"type": "Default"
		},
		{
			"code": "SUBSMobRole05",
			"name": "SUBSMobRole05",
			"categoryName": "Subscriber",
			"createdOn": "",
			"createdBy": null,
			"modifiedOn": "",
			"modifiedBy": null,
			"type": "Default"
		},
		{
			"code": "SSUBSMob03",
			"name": "SSUBSMob03",
			"categoryName": "Subscriber",
			"createdOn": "",
			"createdBy": null,
			"modifiedOn": "",
			"modifiedBy": null,
			"type": "Default"
		},
		{
			"code": "SSUBSMob04",
			"name": "SSUBSMob04",
			"categoryName": "Subscriber",
			"createdOn": "",
			"createdBy": null,
			"modifiedOn": "",
			"modifiedBy": null,
			"type": "Default"
		},
		{
			"code": "SSUBSMob05",
			"name": "SSUBSMob05",
			"categoryName": "Subscriber",
			"createdOn": "",
			"createdBy": null,
			"modifiedOn": "",
			"modifiedBy": null,
			"type": "Default"
		},
		{
			"code": "USUBSMobRole03",
			"name": "USUBSMobRole03",
			"categoryName": "Subscriber",
			"createdOn": "",
			"createdBy": null,
			"modifiedOn": "",
			"modifiedBy": null,
			"type": "Default"
		},
		{
			"code": "USUBSMobRole04",
			"name": "USUBSMobRole04",
			"categoryName": "Subscriber",
			"createdOn": "",
			"createdBy": null,
			"modifiedOn": "",
			"modifiedBy": null,
			"type": "Default"
		},
		{
			"code": "USUBSMobRole05",
			"name": "USUBSMobRole05",
			"categoryName": "Subscriber",
			"createdOn": "",
			"createdBy": null,
			"modifiedOn": "",
			"modifiedBy": null,
			"type": "Default"
		},
		{
			"code": "BANKSUBSMob03",
			"name": "BANKSUBSMob03",
			"categoryName": "Subscriber",
			"createdOn": "",
			"createdBy": null,
			"modifiedOn": "",
			"modifiedBy": null,
			"type": "Default"
		},
		{
			"code": "BANKSUBSMob04",
			"name": "BANKSUBSMob04",
			"categoryName": "Subscriber",
			"createdOn": "",
			"createdBy": null,
			"modifiedOn": "",
			"modifiedBy": null,
			"type": "Default"
		},
		{
			"code": "BANKSUBSMob05",
			"name": "BANKSUBSMob05",
			"categoryName": "Subscriber",
			"createdOn": "",
			"createdBy": null,
			"modifiedOn": "",
			"modifiedBy": null,
			"type": "Default"
		},
		{
			"code": "CARDSUBSMob03",
			"name": "CARDSUBSMob03",
			"categoryName": "Subscriber",
			"createdOn": "",
			"createdBy": null,
			"modifiedOn": "",
			"modifiedBy": null,
			"type": "Default"
		},
		{
			"code": "CARDSUBSMob04",
			"name": "CARDSUBSMob04",
			"categoryName": "Subscriber",
			"createdOn": "",
			"createdBy": null,
			"modifiedOn": "",
			"modifiedBy": null,
			"type": "Default"
		},
		{
			"code": "CARDSUBSMob05",
			"name": "CARDSUBSMob05",
			"categoryName": "Subscriber",
			"createdOn": "",
			"createdBy": null,
			"modifiedOn": "",
			"modifiedBy": null,
			"type": "Default"
		},
		{
			"code": "SUBSMobRole01",
			"name": "SUBSMobRole01",
			"categoryName": "Subscriber",
			"createdOn": "",
			"createdBy": null,
			"modifiedOn": "",
			"modifiedBy": null,
			"type": "Default"
		},
		{
			"code": "SUBSMobRole02",
			"name": "SUBSMobRole02",
			"categoryName": "Subscriber",
			"createdOn": "",
			"createdBy": null,
			"modifiedOn": "",
			"modifiedBy": null,
			"type": "Default"
		},
		{
			"code": "SSUBSMob01",
			"name": "SSUBSMob01",
			"categoryName": "Subscriber",
			"createdOn": "",
			"createdBy": null,
			"modifiedOn": "",
			"modifiedBy": null,
			"type": "Default"
		},
		{
			"code": "SSUBSMob02",
			"name": "SSUBSMob02",
			"categoryName": "Subscriber",
			"createdOn": "",
			"createdBy": null,
			"modifiedOn": "",
			"modifiedBy": null,
			"type": "Default"
		},
		{
			"code": "USUBSMobRole01",
			"name": "USUBSMobRole01",
			"categoryName": "Subscriber",
			"createdOn": "",
			"createdBy": null,
			"modifiedOn": "",
			"modifiedBy": null,
			"type": "Default"
		},
		{
			"code": "USUBSMobRole02",
			"name": "USUBSMobRole02",
			"categoryName": "Subscriber",
			"createdOn": "",
			"createdBy": null,
			"modifiedOn": "",
			"modifiedBy": null,
			"type": "Default"
		},
		{
			"code": "BANKSUBSMob01",
			"name": "BANKSUBSMob01",
			"categoryName": "Subscriber",
			"createdOn": "",
			"createdBy": null,
			"modifiedOn": "",
			"modifiedBy": null,
			"type": "Default"
		},
		{
			"code": "BANKSUBSMob02",
			"name": "BANKSUBSMob02",
			"categoryName": "Subscriber",
			"createdOn": "",
			"createdBy": null,
			"modifiedOn": "",
			"modifiedBy": null,
			"type": "Default"
		},
		{
			"code": "CARDSUBSMob01",
			"name": "CARDSUBSMob01",
			"categoryName": "Subscriber",
			"createdOn": "",
			"createdBy": null,
			"modifiedOn": "",
			"modifiedBy": null,
			"type": "Default"
		},
		{
			"code": "CARDSUBSMob02",
			"name": "CARDSUBSMob02",
			"categoryName": "Subscriber",
			"createdOn": "",
			"createdBy": null,
			"modifiedOn": "",
			"modifiedBy": null,
			"type": "Default"
		},
		{
			"code": "MOBC9318",
			"name": "Mob9318",
			"categoryName": "Subscriber",
			"createdOn": "",
			"createdBy": null,
			"modifiedOn": "",
			"modifiedBy": null,
			"type": "User-Defined"
		},
		{
			"code": "MOBC2373",
			"name": "Mob2373",
			"categoryName": "Subscriber",
			"createdOn": "",
			"createdBy": null,
			"modifiedOn": "",
			"modifiedBy": null,
			"type": "User-Defined"
		},
		{
			"code": "MOBC3909",
			"name": "Mob3909",
			"categoryName": "Subscriber",
			"createdOn": "",
			"createdBy": null,
			"modifiedOn": "",
			"modifiedBy": null,
			"type": "User-Defined"
		},
		{
			"code": "MOBC5997",
			"name": "Mob5997",
			"categoryName": "Subscriber",
			"createdOn": "",
			"createdBy": null,
			"modifiedOn": "",
			"modifiedBy": null,
			"type": "User-Defined"
		},
		{
			"code": "MOBC5155",
			"name": "Mob5155",
			"categoryName": "Subscriber",
			"createdOn": "",
			"createdBy": null,
			"modifiedOn": "",
			"modifiedBy": null,
			"type": "User-Defined"
		},
		{
			"code": "SubsDefault",
			"name": "SubsDefault Profile",
			"categoryName": "Subscriber",
			"createdOn": "2021-01-20T19:02:23",
			"createdBy": "SYSTEM",
			"modifiedOn": "2021-01-20T19:02:23",
			"modifiedBy": "SYSTEM",
			"type": "Default"
		},
		{
			"code": "SubscriberWebRole",
			"name": "SubscriberWebRole",
			"categoryName": "Subscriber",
			"createdOn": "",
			"createdBy": null,
			"modifiedOn": "",
			"modifiedBy": null,
			"type": "Default"
		},
		{
			"code": "MOBC2844",
			"name": "Mob2844",
			"categoryName": "Subscriber",
			"createdOn": "",
			"createdBy": null,
			"modifiedOn": "",
			"modifiedBy": null,
			"type": "User-Defined"
		},
		{
			"code": "MOBC4451",
			"name": "Mob4451",
			"categoryName": "Subscriber",
			"createdOn": "",
			"createdBy": null,
			"modifiedOn": "",
			"modifiedBy": null,
			"type": "User-Defined"
		},
		{
			"code": "MOBC8077",
			"name": "Mob8077",
			"categoryName": "Subscriber",
			"createdOn": "",
			"createdBy": null,
			"modifiedOn": "",
			"modifiedBy": null,
			"type": "User-Defined"
		},
		{
			"code": "MOBC6115",
			"name": "Mob6115",
			"categoryName": "Subscriber",
			"createdOn": "",
			"createdBy": null,
			"modifiedOn": "",
			"modifiedBy": null,
			"type": "User-Defined"
		},
		{
			"code": "MOBC3143",
			"name": "Mob2019",
			"categoryName": "Subscriber",
			"createdOn": "",
			"createdBy": null,
			"modifiedOn": "",
			"modifiedBy": null,
			"type": "User-Defined"
		},
		{
			"code": "psvbSubsBankRole",
			"name": "psvbSubsBankRole",
			"categoryName": "Subscriber",
			"createdOn": "",
			"createdBy": null,
			"modifiedOn": "",
			"modifiedBy": null,
			"type": "User-Defined"
		},
		{
			"code": "NWADM-161157-883572",
			"name": "network admin group role sample",
			"categoryName": "Network Admin",
			"createdOn": "2021-01-25T18:17:15",
			"createdBy": "superadmin checker",
			"modifiedOn": "2021-01-25T18:17:15",
			"modifiedBy": "superadmin checker",
			"type": "Default"
		},
		{
			"code": "NWADM-161157-887482",
			"name": "network admin group role sample1",
			"categoryName": "Network Admin",
			"createdOn": "2021-01-25T18:17:54",
			"createdBy": "superadmin checker",
			"modifiedOn": "2021-01-27T17:10:28",
			"modifiedBy": "superadmin maker",
			"type": "Default"
		},
		{
			"code": "nwadmWRole01",
			"name": "nwadmWRole01",
			"categoryName": "Network Admin",
			"createdOn": "",
			"createdBy": null,
			"modifiedOn": "",
			"modifiedBy": null,
			"type": "User-Defined"
		},
		{
			"code": "NWADM-161194-072123",
			"name": "testNetadmin",
			"categoryName": "Network Admin",
			"createdOn": "2021-01-29T22:48:41",
			"createdBy": "superadmin checker",
			"modifiedOn": "2021-01-29T22:48:41",
			"modifiedBy": "superadmin checker",
			"type": "Default"
		},
		{
			"code": "nwadmWRole03",
			"name": "nwadmWRole03",
			"categoryName": "Network Admin",
			"createdOn": "",
			"createdBy": null,
			"modifiedOn": "",
			"modifiedBy": null,
			"type": "User-Defined"
		},
		{
			"code": "NetadminDefault",
			"name": "NetadminDefault Profile",
			"categoryName": "Network Admin",
			"createdOn": "2021-01-20T19:02:23",
			"createdBy": "SYSTEM",
			"modifiedOn": "2021-01-20T19:02:23",
			"modifiedBy": "SYSTEM",
			"type": "Default"
		},
		{
			"code": "nwadmWRole02",
			"name": "nwadmWRole02",
			"categoryName": "Network Admin",
			"createdOn": "",
			"createdBy": null,
			"modifiedOn": "",
			"modifiedBy": null,
			"type": "User-Defined"
		}
	],
	"serviceRequestId": "8f602dd9-18b4-4b2f-b134-ab1bd5a7f301",
	"serviceFlow": "GETAUTHPFS",
	"status": "SUCCEEDED"
}
